image,filter,intensity
Girl2_Juno_75.jpg,Juno,75
Lake_Lark_0.jpg,Lark,0
Lake_Juno_75.jpg,Juno,75
Lake_Clarendon_100.jpg,Clarendon,100
Girl2_Juno_50.jpg,Juno,50
Girl2_Lark_0.jpg,Lark,0
Girl1_Lark_50.jpg,Lark,50
Girl1_Clarendon_0.jpg,Clarendon,0
Lake_Juno_50.jpg,Juno,50
Lake_Lark_100.jpg,Lark,100
Girl1_Juno_100.jpg,Juno,100
Temple_Lark_75.jpg,Lark,75
Girl1_Lark_0.jpg,Lark,0
Temple_Clarendon_0.jpg,Clarendon,0
Girl1_Clarendon_50.jpg,Clarendon,50
Girl2_Clarendon_0.jpg,Clarendon,0
Temple_Clarendon_100.jpg,Clarendon,100
Lake_Juno_25.jpg,Juno,25
Girl2_Clarendon_100.jpg,Clarendon,100
Girl2_Juno_100.jpg,Juno,100
Girl2_Clarendon_75.jpg,Clarendon,75
Girl2_Clarendon_50.jpg,Clarendon,50
Girl1_Clarendon_25.jpg,Clarendon,25
Lake_Juno_100.jpg,Juno,100
Girl2_Lark_50.jpg,Lark,50
Girl1_Lark_25.jpg,Lark,25
Girl1_Clarendon_100.jpg,Clarendon,100
Temple_Juno_25.jpg,Juno,25
Lake_Clarendon_50.jpg,Clarendon,50
Girl2_Lark_25.jpg,Lark,25
Temple_Clarendon_75.jpg,Clarendon,75
Lake_Lark_25.jpg,Lark,25
Temple_Clarendon_25.jpg,Clarendon,25
Temple_Juno_75.jpg,Juno,75
Girl2_Lark_75.jpg,Lark,75
Girl2_Clarendon_25.jpg,Clarendon,25
Lake_Lark_75.jpg,Lark,75
Temple_Lark_50.jpg,Lark,50
Temple_Juno_0.jpg,Juno,0
Girl1_Lark_75.jpg,Lark,75
Temple_Lark_100.jpg,Lark,100
Girl1_Clarendon_75.jpg,Clarendon,75
Temple_Juno_50.jpg,Juno,50
Girl1_Juno_75.jpg,Juno,75
Temple_Clarendon_50.jpg,Clarendon,50
Girl2_Juno_0.jpg,Juno,0
Girl1_Lark_100.jpg,Lark,100
Lake_Clarendon_75.jpg,Clarendon,75
Girl2_Juno_25.jpg,Juno,25
Temple_Lark_25.jpg,Lark,25
Girl1_Juno_50.jpg,Juno,50
Lake_Juno_0.jpg,Juno,0
Lake_Lark_50.jpg,Lark,50
Girl1_Juno_0.jpg,Juno,0
Girl2_Lark_100.jpg,Lark,100
Lake_Clarendon_25.jpg,Clarendon,25
Temple_Juno_100.jpg,Juno,100
Girl1_Juno_25.jpg,Juno,25
Temple_Lark_0.jpg,Lark,0
Lake_Clarendon_0.jpg,Clarendon,0
